0,0,-0.019849673
1,92.59259,-0.011799078
2,92.59259,0.15188342
3,92.59259,-0.0043383203
4,92.59259,-0.0054341746
5,92.59259,-0.0051411777
6,92.59259,-0.0050659855
7,92.59259,-0.0014767878
8,92.59259,-0.004505311
9,92.59259,0.18937841
10,92.59259,-0.0053687287
11,98.765434,0.028978232
12,98.765434,-0.0025405423
13,98.765434,-0.01677228
14,98.765434,-0.00554435
15,98.765434,-0.0032437644
16,98.765434,-6.8877707e-06
17,98.765434,0.021832896
18,98.765434,-0.00071923144
19,98.765434,0.0009352789
20,98.765434,-0.0041218195
21,100,-0.006924443
22,100,-0
23,100,0.009540958
24,100,-0
25,100,-0.004107675
26,100,-0
27,100,-0
28,100,-0.0033122213
29,100,-0.000698308
30,100,0.0020491574
31,100,0.02566305
32,100,0.002464181
33,100,0.0019198114
34,100,-0.00068565307
35,100,-0.0006881198
36,100,-0
37,100,-0.00068656483
38,100,-0.00072117907
39,100,-0.000694792
40,100,-0.0013701683
41,100,-0
42,100,-0.00068447646
43,100,-0
44,100,-0
45,100,-0
46,100,-0.0007100246
47,100,-0.0013909179
48,100,-0.0025632093
49,100,-0
50,100,-0
51,100,-0.0013918637
52,100,-0
53,100,0.067571424
54,100,-0
55,100,-0
56,100,-0
57,100,-0.00068541564
58,100,-0.00068468903
59,100,-0
60,100,-0.00074444374
61,100,-0
62,100,-0.00069904164
63,100,-0
64,100,0.0020290893
65,100,-0
66,100,-0
67,100,-0
68,100,-0
69,100,-0.00068568566
70,100,-0
71,100,-0
72,100,-0
73,100,-0
74,100,-0
75,100,-0.00069403485
76,100,-0
77,100,-0.0007981799
78,100,-0
79,100,-0.0006840902
80,100,-0
81,100,-0
82,100,-0.004110655
83,100,-0.000684322
84,100,-0
85,100,-0.000685823
86,100,-0.00068372115
87,100,-0
88,100,-0
89,100,-0
90,100,-0
91,100,-0
92,100,-0
93,100,-0
94,100,-0
95,100,-0
96,100,-0.0007039526
97,100,-0
98,100,-0
99,100,-0.004105528
